0.001,003184,0.029297,24.189396,24.889219
0.001,0.003184,0.036621,24.207775,24.852312
0.002,0.003184,0.036621,24.207775,24.870764
0.003,0.004246,0.029297,24.207775,24.870764
0.003,0.004246,0.029297,24.226156,24.889219
0.004,0.004246,0.029297,24.207775,24.870764
0.005,0.003184,0.029297,24.189396,24.852312
0.005,0.003184,0.029297,24.207775,24.852312
0.006,0.002123,0.029297,24.207775,24.852312
0.007,0.004246,0.029297,24.226156,24.852312
0.007,0.004246,0.036621,24.226156,24.852312
0.008,0.003184,0.036621,24.207775,24.870764
0.009,0.003184,0.043945,24.207775,24.889219
0.009,0.004246,0.036621,24.207775,24.870764
0.01,0.002123,0.036621,24.207775,24.852312
0.011,0.005307,0.029297,24.244537,24.833858
0.011,0.002123,0.029297,24.207775,24.833858
0.012,0.003184,0.029297,24.226156,24.870764
0.012,0.003184,0.029297,24.207775,24.852312
0.013,0.004246,0.014648,24.244537,24.852312
0.014,0.003184,0.036621,24.189396,24.852312
0.015,0.003184,0.043945,24.226156,24.870764
0.015,0.004246,0.036621,24.189396,24.852312
0.016,0.003184,0.029297,24.207775,24.852312
0.016,0.002123,0.029297,24.226156,24.852312
0.017,0.003184,0.036621,24.244537,24.852312
0.018,0.003184,0.043945,24.207775,24.852312
0.018,0.003184,0.021973,24.226156,24.833858
0.019,0.003184,0.029297,24.189396,24.852312
0.02,0.005307,0.029297,24.189396,24.815411
0.02,0.003184,0.029297,24.244537,24.870764
0.021,0.003184,0.036621,24.226156,24.870764
0.022,0.005307,0.043945,24.207775,24.870764
0.022,0.003184,0.036621,24.226156,24.852312
0.023,0.004246,0.029297,24.207775,24.870764
0.024,0.004246,0.036621,24.207775,24.833858
0.025,0.004246,0.029297,24.189396,24.870764
0.025,0.003184,0.021973,24.207775,24.833858
0.026,0.002123,0.029297,24.207775,24.852312
0.027,0.004246,0.014648,24.226156,24.852312
0.027,0.003184,0.036621,24.226156,24.852312
0.028,0.003184,0.021973,24.207775,24.852312
0.029,0.004246,0.036621,24.189396,24.870764
0.029,0.004246,0.029297,24.226156,24.852312
0.03,0.003184,0.029297,24.207775,24.889219
0.031,0.002123,0.029297,24.207775,24.870764
0.031,0.003184,0.036621,24.207775,24.870764
0.032,0.003184,0.029297,24.226156,24.852312
0.033,0.003184,0.036621,24.226156,24.852312
0.033,0.003184,0.036621,24.207775,24.852312
0.034,0.002123,0.029297,24.189396,24.870764
0.035,0.003184,0.036621,24.189396,24.833858
0.035,0.003184,0.029297,24.189396,24.852312
0.036,0.004246,0.036621,24.189396,24.852312
0.036,0.003184,0.029297,24.171019,24.870764
0.037,0.004246,0.036621,24.207775,24.833858
0.038,0.003184,0.029297,24.226156,24.852312
0.038,0.003184,0.029297,24.226156,24.870764
0.039,0.004246,0.036621,24.207775,24.889219
0.04,0.004246,0.029297,24.226156,24.852312
0.04,0.003184,0.029297,24.244537,24.852312
0.041,0.004246,0.014648,24.207775,24.852312
0.042,0.005307,0.036621,24.226156,24.833858
0.042,0.002123,0.036621,24.207775,24.852312
0.043,0.004246,0.029297,24.171019,24.833858
0.044,0.003184,0.029297,24.226156,24.852312
0.044,0.003184,0.036621,24.207775,24.833858
0.045,0.003184,0.021973,24.207775,24.870764
0.046,0.002123,0.036621,24.226156,24.870764
0.046,0.002123,0.021973,24.207775,24.870764
0.047,0.002123,0.036621,24.244537,24.870764
0.047,0.003184,0.021973,24.207775,24.870764
0.048,0.004246,0.021973,24.189396,24.833858
0.049,0.004246,0.036621,24.207775,24.852312
0.05,0.004246,0.036621,24.207775,24.852312
0.05,0.004246,0.036621,24.207775,24.870764
0.051,0.004246,0.029297,24.207775,24.852312
0.052,0.003184,0.036621,24.207775,24.889219
0.052,0.003184,0.036621,24.189396,24.870764
0.053,0.003184,0.036621,24.189396,24.833858
0.054,0.001061,0.021973,24.207775,24.852312
0.054,0.003184,0.014648,24.189396,24.870764
0.055,0.004246,0.029297,24.244537,24.833858
0.056,0.005307,0.029297,24.226156,24.870764
0.056,0.004246,0.021973,24.207775,24.852312
0.057,0.003184,0.029297,24.189396,24.852312
0.057,0.004246,0.029297,24.226156,24.852312
0.058,0.004246,0.029297,24.207775,24.870764
0.059,0.005307,0.029297,24.207775,24.870764
0.059,0.003184,0.036621,24.207775,24.870764
0.06,0.003184,0.029297,24.226156,24.870764
0.061,0.004246,0.036621,24.171019,24.852312
0.061,0.003184,0.036621,24.189396,24.852312
0.062,0.003184,0.029297,24.226156,24.870764
0.063,0.003184,0.029297,24.226156,24.870764
0.063,0.003184,0.029297,24.189396,24.833858
0.064,0.003184,0.029297,24.189396,24.870764
0.065,0.004246,0.021973,24.207775,24.870764
0.065,0.004246,0.036621,24.189396,24.852312
0.066,0.002123,0.029297,24.207775,24.833858
0.067,0.001061,0.021973,24.207775,24.852312
0.067,0.003184,0.021973,24.189396,24.870764
0.068,0.003184,0.036621,24.207775,24.833858
0.069,0.002123,0.036621,24.189396,24.870764
0.069,0.003184,0.021973,24.207775,24.852312
0.07,0.004246,0.014648,24.207775,24.870764
0.071,0.003184,0.029297,24.207775,24.815411
0.071,0.003184,0.029297,24.171019,24.833858
0.072,0.003184,0.036621,24.207775,24.852312
0.072,0.005307,0.043945,24.226156,24.870764
0.073,0.003184,0.029297,24.207775,24.833858
0.074,0.003184,0.007324,24.226156,24.852312
0.074,0.002123,0.029297,24.226156,24.870764
0.075,0.002123,0.036621,24.207775,24.852312
0.076,0.003184,0.029297,24.226156,24.833858
0.076,0.003184,0.021973,24.226156,24.852312
0.077,0.003184,0.029297,24.207775,24.833858
0.078,0.004246,0.036621,24.207775,24.870764
0.078,0.004246,0.036621,24.207775,24.852312
0.079,0.003184,0.029297,24.207775,24.870764
0.08,0.004246,0.029297,24.226156,24.852312
0.08,0.003184,0.029297,24.207775,24.852312
0.081,0.004246,0.036621,24.207775,24.852312
0.082,0.003184,0.029297,24.207775,24.852312
0.082,0.004246,0.029297,24.189396,24.852312
0.083,0.003184,0.029297,24.189396,24.852312
0.084,0.003184,0.036621,24.207775,24.870764
0.084,0.003184,0.036621,24.189396,24.833858
0.085,0.004246,0.029297,24.226156,24.870764
0.086,0.004246,0.036621,24.226156,24.833858
0.086,0.005307,0.029297,24.207775,24.852312
0.087,0.003184,0.021973,24.226156,24.852312
0.088,0.004246,0.036621,24.207775,24.833858
0.088,0.003184,0.036621,24.226156,24.852312
0.089,0.004246,0.029297,24.207775,24.852312
0.09,0.003184,0.029297,24.207775,24.833858
0.09,0.002123,0.029297,24.189396,24.852312
0.091,0.003184,0.029297,24.226156,24.833858
0.091,0.002123,0.021973,24.189396,24.833858
0.092,0.002123,0.029297,24.189396,24.870764
0.093,0.004246,0.029297,24.189396,24.833858
0.093,0.002123,0.036621,24.207775,24.870764
0.094,0.003184,0.036621,24.189396,24.833858
0.095,0.003184,0.029297,24.189396,24.833858
0.095,0.004246,0.029297,24.226156,24.852312
0.096,0.004246,0.021973,24.207775,24.870764
0.097,0.003184,0.029297,24.207775,24.870764
0.097,0.004246,0.029297,24.226156,24.852312
0.098,0.002123,0.029297,24.189396,24.870764
0.099,0.003184,0.036621,24.226156,24.870764
0.099,0.003184,0.021973,24.207775,24.833858
0.1,0.002123,0.036621,24.207775,24.870764
0.101,0.003184,0.036621,24.226156,24.852312
0.101,0.002123,0.029297,24.226156,24.852312
0.102,0.003184,0.036621,24.207775,24.870764
0.102,0.003184,0.021973,24.226156,24.870764
0.103,0.003184,0.036621,24.189396,24.889219
0.104,0.004246,0.036621,24.189396,24.852312
0.104,0.003184,0.021973,24.207775,24.852312
0.105,0.002123,0.021973,24.207775,24.833858
0.106,0.003184,0.021973,24.226156,24.870764
0.106,0.003184,0.029297,24.244537,24.852312
0.107,0.003184,0.036621,24.226156,24.833858
0.108,0.002123,0.029297,24.244537,24.852312
0.108,0.002123,0.029297,24.226156,24.870764
0.109,0.003184,0.029297,24.171019,24.852312
0.109,0.004246,0.029297,24.207775,24.815411
0.11,0.002123,0.029297,24.189396,24.815411
0.111,0.003184,0.029297,24.207775,24.852312
0.112,0.002123,0.029297,24.207775,24.852312
0.112,0.003184,0.036621,24.189396,24.852312
0.113,0.003184,0.036621,24.207775,24.852312
0.113,0.002123,0.036621,24.207775,24.833858
0.114,0.003184,0.021973,24.207775,24.870764
0.115,0.002123,0.029297,24.226156,24.889219
0.115,0.004246,0.036621,24.226156,24.870764
0.116,0.004246,0.029297,24.189396,24.889219
0.117,0.003184,0.029297,24.226156,24.889219
0.117,0.004246,0.029297,24.207775,24.852312
0.118,0.003184,0.029297,24.226156,24.852312
0.119,0.002123,0.029297,24.226156,24.833858
0.12,0.002123,0.029297,24.207775,24.870764
0.12,0.003184,0.029297,24.171019,24.870764
0.121,0.003184,0.036621,24.207775,24.870764
0.122,0.004246,0.029297,24.226156,24.870764
0.122,0.004246,0.036621,24.189396,24.870764
0.123,0.005307,0.021973,24.189396,24.870764
0.124,0.003184,0.021973,24.189396,24.852312
0.124,0.003184,0.014648,24.226156,24.870764
0.125,0.003184,0.043945,24.226156,24.852312
0.126,0.004246,0.029297,24.207775,24.852312
0.126,0.004246,0.029297,24.189396,24.852312
0.127,0.003184,0.021973,24.207775,24.852312
0.128,0.003184,0.036621,24.226156,24.852312
0.128,0.003184,0.036621,24.226156,24.852312
0.129,0.002123,0.036621,24.207775,24.870764
0.13,0.004246,0.036621,24.207775,24.870764
0.13,0.002123,0.036621,24.207775,24.870764
0.131,0.002123,0.029297,24.189396,24.870764
0.131,0.004246,0.029297,24.207775,24.852312
0.132,0.004246,0.029297,24.226156,24.852312
0.133,0.003184,0.036621,24.189396,24.852312
0.133,0.003184,0.029297,24.207775,24.870764
0.134,0.004246,0.021973,24.207775,24.833858
0.135,0.001061,0.029297,24.207775,24.833858
0.135,0.003184,0.029297,24.226156,24.852312
0.136,0.005307,0.021973,24.226156,24.870764
0.136,0.003184,0.029297,24.171019,24.833858
0.137,0.003184,0.021973,24.207775,24.852312
0.138,0.006369,0.029297,24.189396,24.870764
0.138,0.003184,0.029297,24.207775,24.889219
0.139,0.002123,0.029297,24.171019,24.852312
0.14,0.003184,0.029297,24.207775,24.833858
0.14,0.002123,0.029297,24.226156,24.833858
0.141,0.004246,0.036621,24.207775,24.852312
0.142,0.003184,0.029297,24.207775,24.870764
0.142,0.002123,0.036621,24.207775,24.833858
0.143,0.003184,0.036621,24.226156,24.833858
0.144,0.003184,0.029297,24.189396,24.833858
0.144,0.003184,0.029297,24.189396,24.870764
0.145,0.004246,0.029297,24.207775,24.852312
0.145,0.004246,0.036621,24.226156,24.852312
0.146,0.003184,0.043945,24.189396,24.870764
0.147,0.002123,0.029297,24.207775,24.870764
0.147,0.003184,0.036621,24.189396,24.852312
0.148,0.002123,0.029297,24.207775,24.833858
0.149,0.002123,0.036621,24.207775,24.870764
0.149,0.004246,0.029297,24.226156,24.870764
0.15,0.003184,0.043945,24.226156,24.852312
0.151,0.004246,0.021973,24.207775,24.833858
0.151,0.002123,0.021973,24.207775,24.870764
0.152,0.002123,0.029297,24.207775,24.852312
0.152,0.003184,0.021973,24.189396,24.852312
0.153,0.004246,0.029297,24.189396,24.833858
0.154,0.003184,0.036621,24.226156,24.889219
0.154,0.001061,0.021973,24.207775,24.852312
0.155,0.002123,0.036621,24.226156,24.870764
0.156,0.004246,0.029297,24.207775,24.870764
0.156,0.003184,0.021973,24.171019,24.870764
0.157,0.003184,0.029297,24.207775,24.870764
0.158,0.003184,0.029297,24.244537,24.870764
0.158,0.003184,0.029297,24.207775,24.852312
0.159,0.004246,0.021973,24.207775,24.852312
0.159,0.003184,0.021973,24.207775,24.833858
0.16,0.005307,0.029297,24.207775,24.889219
0.161,0.003184,0.036621,24.207775,24.852312
0.161,0.003184,0.036621,24.226156,24.852312
0.162,0.004246,0.029297,24.226156,24.889219
0.163,0.004246,0.014648,24.189396,24.870764
0.163,0.003184,0.043945,24.226156,24.870764
0.164,0.002123,0.029297,24.189396,24.852312
0.164,0.004246,0.029297,24.207775,24.870764
0.165,0.003184,0.029297,24.207775,24.852312
0.166,0.003184,0.029297,24.226156,24.833858
0.166,0.004246,0.021973,24.226156,24.852312
0.167,0.003184,0.029297,24.207775,24.815411
0.168,0.004246,0.021973,24.207775,24.833858
0.168,0.002123,0.029297,24.207775,24.870764
0.169,0.005307,0.036621,24.207775,24.889219
0.169,0.003184,0.029297,24.207775,24.870764
0.17,0.005307,0.036621,24.189396,24.889219
0.171,0.003184,0.036621,24.189396,24.852312
0.171,0.002123,0.029297,24.226156,24.870764
0.172,0.002123,0.029297,24.226156,24.852312
0.173,0.003184,0.029297,24.207775,24.870764
0.173,0.003184,0.029297,24.189396,24.852312
0.174,0.004246,0.029297,24.207775,24.833858
0.175,0.004246,0.029297,24.189396,24.852312
0.176,0.004246,0.036621,24.189396,24.889219
0.176,0.003184,0.021973,24.244537,24.852312
0.177,0.003184,0.014648,24.207775,24.833858
0.177,0.005307,0.029297,24.207775,24.852312
0.178,0.002123,0.029297,24.207775,24.870764
0.179,0.003184,0.036621,24.207775,24.870764
0.179,0.004246,0.029297,24.226156,24.852312
0.18,0.003184,0.036621,24.189396,24.852312
0.181,0.004246,0.029297,24.189396,24.870764
0.181,0.003184,0.029297,24.207775,24.870764
0.182,0.003184,0.029297,24.189396,24.870764
0.183,0.003184,0.036621,24.189396,24.852312
0.183,0.003184,0.036621,24.207775,24.852312
0.184,0.002123,0.029297,24.207775,24.870764
0.184,0.003184,0.029297,24.207775,24.870764
0.185,0.002123,0.021973,24.207775,24.852312
0.186,0.002123,0.029297,24.171019,24.833858
0.186,0.002123,0.029297,24.226156,24.889219
0.187,0.003184,0.029297,24.226156,24.870764
0.188,0.003184,0.036621,24.207775,24.870764
0.188,0.003184,0.029297,24.171019,24.852312
0.189,0.002123,0.029297,24.207775,24.852312
0.189,0.004246,0.029297,24.226156,24.852312
0.19,0.003184,0.029297,24.244537,24.870764
0.191,0.003184,0.036621,24.207775,24.870764
0.191,0.004246,0.036621,24.207775,24.889219
0.192,0.004246,0.029297,24.207775,24.870764
0.193,0.003184,0.029297,24.189396,24.870764
0.193,0.005307,0.029297,24.189396,24.852312
0.194,0.004246,0.029297,24.226156,24.870764
0.195,0.003184,0.029297,24.207775,24.870764
0.195,0.004246,0.029297,24.189396,24.870764
0.196,0.002123,0.029297,24.189396,24.852312
0.197,0.004246,0.021973,24.189396,24.852312
0.197,0.003184,0.036621,24.244537,24.833858
0.198,0.003184,0.036621,24.207775,24.852312
0.198,0.004246,0.021973,24.207775,24.852312
0.199,0.005307,0.043945,24.226156,24.870764
0.2,0.003184,0.036621,24.189396,24.852312
0.2,0.004246,0.029297,24.189396,24.870764
0.201,0.003184,0.036621,24.226156,24.870764
0.202,0.002123,0.029297,24.207775,24.852312
0.202,0.004246,0.029297,24.189396,24.870764
0.203,0.004246,0.036621,24.226156,24.852312
0.204,0.002123,0.029297,24.189396,24.870764
0.205,0.003184,0.029297,24.189396,24.870764
0.205,0.003184,0.036621,24.226156,24.870764
0.206,0.003184,0.021973,24.207775,24.852312
0.206,0.004246,0.036621,24.226156,24.852312
0.207,0.003184,0.029297,24.189396,24.852312
0.208,0.003184,0.036621,24.189396,24.870764
0.208,0.003184,0.036621,24.207775,24.870764
0.209,0.003184,0.029297,24.207775,24.833858
0.21,0.004246,0.036621,24.207775,24.870764
0.21,0.004246,0.036621,24.189396,24.852312
0.211,0.004246,0.021973,24.189396,24.889219
0.212,0.003184,0.043945,24.207775,24.852312
0.218,0.003184,0.029297,24.189396,24.870764
0.228,0.004246,0.029297,24.226156,24.870764
0.238,0.004246,0.036621,24.226156,24.852312
0.248,0.003184,0.029297,24.207775,24.852312
0.258,0.003184,0.029297,24.189396,24.852312
0.268,0.004246,0.036621,24.207775,24.852312
0.278,0.002123,0.014648,24.226156,24.870764
0.288,0.003184,0.036621,24.207775,24.852312
0.298,0.002123,0.029297,24.226156,24.833858
0.308,0.002123,0.036621,24.189396,24.889219
0.318,0.003184,0.014648,24.189396,24.852312
0.329,0.004246,0.021973,24.207775,24.833858
0.339,0.003184,0.036621,24.189396,24.870764
0.349,0.002123,0.021973,24.207775,24.852312
0.359,0.003184,0.029297,24.207775,24.889219
0.369,0.003184,0.021973,24.189396,24.852312
0.379,0.004246,0.043945,24.207775,24.870764
0.389,0.003184,0.036621,24.207775,24.852312
0.399,0.003184,0.036621,24.207775,24.815411
0.409,0.005307,0.036621,24.207775,24.852312
0.419,0.004246,0.043945,24.189396,24.852312
0.429,0.002123,0.029297,24.189396,24.889219
0.439,0.003184,0.029297,24.189396,24.889219
0.449,0.002123,0.029297,24.207775,24.870764
0.459,0.004246,0.036621,24.207775,24.852312
0.469,0.004246,0.029297,24.207775,24.852312
0.479,0.003184,0.029297,24.226156,24.870764
0.489,0.002123,0.029297,24.189396,24.852312
0.499,0.004246,0.021973,24.207775,24.870764
0.509,0.004246,0.029297,24.207775,24.870764
0.519,0.004246,0.029297,24.189396,24.852312
0.529,0.002123,0.029297,24.226156,24.852312
0.539,0.003184,0.029297,24.207775,24.870764
0.549,0.004246,0.029297,24.207775,24.870764
0.559,0.002123,0.029297,24.189396,24.852312
0.569,0.003184,0.036621,24.207775,24.870764
0.579,0.004246,0.036621,24.226156,24.870764
0.589,0.003184,0.029297,24.207775,24.852312
0.599,0.003184,0.051270,24.226156,24.870764
0.609,0.002123,0.029297,24.226156,24.870764
0.619,0.001061,0.029297,24.207775,24.870764
0.629,0.004246,0.029297,24.189396,24.852312
0.639,0.003184,0.029297,24.189396,24.870764
0.649,0.004246,0.029297,24.207775,24.870764
0.659,0.004246,0.021973,24.207775,24.870764
0.669,0.002123,0.036621,24.189396,24.889219
0.68,0.002123,0.029297,24.189396,24.852312
0.69,0.004246,0.021973,24.207775,24.852312
0.7,0.003184,0.043945,24.189396,24.870764
0.71,0.004246,0.036621,24.207775,24.870764
0.72,0.002123,0.029297,24.226156,24.833858
0.73,0.002123,0.043945,24.226156,24.870764
0.74,0.004246,0.029297,24.207775,24.870764
0.75,0.003184,0.029297,24.207775,24.870764
0.76,0.004246,0.029297,24.207775,24.870764
0.77,0.003184,0.029297,24.207775,24.889219
0.78,0.004246,0.036621,24.207775,24.870764
0.79,0.003184,0.036621,24.244537,24.833858
0.8,0.003184,0.029297,24.226156,24.870764
0.81,0.002123,0.029297,24.226156,24.870764
0.82,0.002123,0.029297,24.207775,24.852312
0.83,0.003184,0.029297,24.226156,24.907679
0.84,0.002123,0.014648,24.207775,24.870764
0.85,0.004246,0.014648,24.207775,24.870764
0.86,0.004246,0.029297,24.189396,24.852312
0.87,0.002123,0.029297,24.226156,24.852312
0.88,0.004246,0.036621,24.207775,24.852312
0.89,0.002123,0.036621,24.207775,24.870764
0.9,0.003184,0.036621,24.189396,24.852312
0.91,0.005307,0.043945,24.244537,24.852312
0.92,0.003184,0.029297,24.207775,24.870764
0.93,0.003184,0.029297,24.189396,24.870764
0.94,0.002123,0.036621,24.207775,24.852312
0.95,0.002123,0.029297,24.189396,24.852312
0.96,0.004246,0.043945,24.226156,24.852312
0.97,0.003184,0.029297,24.226156,24.870764
0.98,0.003184,0.029297,24.189396,24.852312
0.99,0.002123,0.029297,24.189396,24.870764
1.0,0.002123,0.029297,24.207775,24.833858
1.011,0.003184,0.029297,24.207775,24.870764
1.021,0.002123,0.021973,24.226156,24.852312
1.031,0.003184,0.029297,24.189396,24.870764
1.041,0.003184,0.029297,24.189396,24.852312
1.051,0.003184,0.036621,24.244537,24.870764
1.061,0.003184,0.021973,24.207775,24.852312
1.071,0.003184,0.021973,24.189396,24.889219
1.081,0.003184,0.021973,24.207775,24.870764
1.091,0.003184,0.029297,24.207775,24.870764
1.101,0.004246,0.021973,24.207775,24.889219
1.111,0.003184,0.021973,24.171019,24.870764
1.121,0.004246,0.036621,24.189396,24.870764
1.131,0.004246,0.014648,24.189396,24.852312
1.141,0.003184,0.029297,24.207775,24.870764
1.151,0.004246,0.043945,24.189396,24.852312
1.161,0.004246,0.029297,24.207775,24.833858
1.171,0.002123,0.029297,24.226156,24.852312
1.181,0.003184,0.021973,24.226156,24.833858
1.191,0.003184,0.036621,24.207775,24.870764
1.201,0.001061,0.036621,24.207775,24.852312
1.211,0.002123,0.029297,24.207775,24.889219
1.221,0.002123,0.021973,24.207775,24.833858
1.231,0.004246,0.029297,24.207775,24.852312
1.241,0.003184,0.036621,24.226156,24.870764
1.251,0.003184,0.029297,24.207775,24.889219
1.261,0.004246,0.036621,24.152641,24.852312
1.271,0.004246,0.036621,24.207775,24.870764
1.281,0.003184,0.036621,24.207775,24.852312
1.291,0.003184,0.029297,24.207775,24.870764
1.301,0.002123,0.021973,24.171019,24.870764
1.311,0.003184,0.029297,24.207775,24.852312
1.321,0.004246,0.029297,24.171019,24.870764
1.331,0.003184,0.029297,24.189396,24.870764
1.341,0.002123,0.036621,24.244537,24.870764
1.352,0.003184,0.029297,24.189396,24.889219
1.362,0.002123,0.036621,24.207775,24.833858
1.372,0.003184,0.029297,24.207775,24.870764
1.382,0.004246,0.029297,24.207775,24.870764
1.392,0.002123,0.036621,24.207775,24.852312
1.402,0.003184,0.036621,24.207775,24.852312
1.412,0.003184,0.021973,24.244537,24.852312
1.422,0.002123,0.029297,24.207775,24.815411
1.432,0.004246,0.029297,24.226156,24.870764
1.442,0.003184,0.021973,24.226156,24.852312
1.452,0.004246,0.029297,24.189396,24.870764
1.462,0.004246,0.036621,24.207775,24.870764
1.472,0.002123,0.007324,24.189396,24.833858
1.482,0.005307,0.036621,24.189396,24.870764
1.492,0.004246,0.029297,24.189396,24.870764
1.502,0.004246,0.036621,24.189396,24.833858
1.512,0.003184,0.021973,24.189396,24.833858
1.522,0.003184,0.036621,24.207775,24.852312
1.532,0.002123,0.036621,24.189396,24.852312
1.542,0.003184,0.036621,24.171019,24.852312
1.552,0.004246,0.029297,24.207775,24.833858
1.562,0.003184,0.036621,24.207775,24.870764
1.572,0.003184,0.029297,24.171019,24.870764
1.582,0.004246,0.014648,24.226156,24.870764
1.592,0.003184,0.036621,24.207775,24.833858
1.602,0.004246,0.029297,24.207775,24.852312
1.612,0.003184,0.021973,24.207775,24.833858
1.622,0.004246,0.029297,24.189396,24.852312
1.632,0.002123,0.021973,24.244537,24.833858
1.642,0.003184,0.021973,24.207775,24.833858
1.652,0.003184,0.029297,24.189396,24.852312
1.662,0.004246,0.021973,24.189396,24.870764
1.672,0.004246,0.043945,24.207775,24.852312
1.682,0.002123,0.029297,24.189396,24.833858
1.692,0.003184,0.029297,24.207775,24.889219
1.703,0.003184,0.036621,24.207775,24.852312
1.713,0.003184,0.036621,24.189396,24.852312
1.723,0.004246,0.021973,24.171019,24.870764
1.733,0.004246,0.021973,24.226156,24.852312
1.743,0.002123,0.036621,24.207775,24.833858
1.753,0.004246,0.021973,24.189396,24.852312
1.763,0.003184,0.036621,24.226156,24.889219
1.773,0.003184,0.021973,24.207775,24.870764
1.783,0.004246,0.043945,24.226156,24.870764
1.793,0.003184,0.043945,24.189396,24.852312
1.803,0.004246,0.043945,24.152641,24.852312
1.813,0.003184,0.029297,24.189396,24.852312
1.823,0.003184,0.029297,24.244537,24.870764
1.833,0.003184,0.029297,24.171019,24.870764
1.843,0.003184,0.029297,24.189396,24.852312
1.853,0.003184,0.021973,24.207775,24.870764
1.863,0.003184,0.021973,24.189396,24.870764
1.873,0.002123,0.029297,24.226156,24.870764
1.883,0.004246,0.036621,24.226156,24.870764
1.893,0.003184,0.014648,24.189396,24.833858
1.903,0.003184,0.029297,24.226156,24.833858
1.913,0.002123,0.029297,24.189396,24.852312
1.923,0.004246,0.029297,24.207775,24.870764
1.933,0.003184,0.036621,24.189396,24.833858
1.943,0.003184,0.036621,24.207775,24.852312
1.953,0.004246,0.029297,24.189396,24.852312
1.963,0.004246,0.036621,24.207775,24.852312
1.973,0.003184,0.029297,24.226156,24.852312
1.983,0.005307,0.029297,24.226156,24.852312
1.993,0.002123,0.043945,24.189396,24.852312
2.003,0.003184,0.036621,24.207775,24.833858
2.013,0.004246,0.029297,24.207775,24.815411
2.023,0.005307,0.036621,24.226156,24.852312
2.034,0.003184,0.036621,24.226156,24.852312
2.044,0.005307,0.029297,24.207775,24.833858
2.054,0.003184,0.029297,24.207775,24.852312
2.064,0.004246,0.036621,24.207775,24.833858
2.074,0.003184,0.021973,24.226156,24.870764
2.084,0.005307,0.036621,24.207775,24.870764
2.094,0.003184,0.036621,24.207775,24.852312
2.104,0.002123,0.029297,24.189396,24.833858
2.114,0.002123,0.029297,24.207775,24.852312
2.124,0.004246,0.029297,24.189396,24.870764
2.134,0.004246,0.036621,24.189396,24.852312
2.144,0.002123,0.021973,24.189396,24.870764
2.154,0.003184,0.036621,24.207775,24.852312
2.164,0.004246,0.036621,24.207775,24.833858
2.174,0.003184,0.029297,24.207775,24.852312
2.184,0.004246,0.051270,24.244537,24.870764
2.194,0.003184,0.036621,24.207775,24.833858
2.204,0.003184,0.029297,24.207775,24.870764
2.214,0.003184,0.029297,24.207775,24.870764
2.224,0.002123,0.021973,24.226156,24.870764
2.234,0.003184,0.036621,24.207775,24.852312
2.244,0.002123,0.029297,24.207775,24.852312
2.254,0.003184,0.021973,24.226156,24.833858
2.264,0.002123,0.029297,24.207775,24.870764
2.274,0.003184,0.029297,24.226156,24.889219
2.284,0.003184,0.036621,24.207775,24.852312
2.294,0.004246,0.036621,24.226156,24.852312
2.304,0.003184,0.029297,24.226156,24.852312
2.314,0.003184,0.029297,24.207775,24.870764
2.324,0.003184,0.036621,24.207775,24.852312
2.334,0.003184,0.021973,24.226156,24.870764
2.344,0.003184,0.029297,24.189396,24.870764
2.354,0.003184,0.036621,24.207775,24.852312
2.364,0.004246,0.036621,24.189396,24.852312
2.375,0.001061,0.029297,24.189396,24.852312
2.385,0.003184,0.029297,24.207775,24.870764
2.395,0.002123,0.036621,24.207775,24.870764
2.405,0.004246,0.029297,24.226156,24.852312
2.415,0.003184,0.029297,24.171019,24.852312
2.425,0.004246,0.029297,24.189396,24.815411
2.435,0.003184,0.029297,24.207775,24.870764
2.445,0.002123,0.029297,24.207775,24.852312
2.455,0.003184,0.036621,24.207775,24.852312
2.465,0.005307,0.029297,24.171019,24.870764
2.475,0.003184,0.036621,24.207775,24.852312
2.485,0.003184,0.036621,24.171019,24.852312
2.495,0.002123,0.029297,24.207775,24.833858
2.505,0.003184,0.036621,24.189396,24.852312
2.515,0.002123,0.036621,24.189396,24.852312
2.525,0.002123,0.029297,24.207775,24.833858
2.535,0.003184,0.029297,24.226156,24.870764
2.545,0.004246,0.036621,24.207775,24.852312
2.555,0.004246,0.029297,24.207775,24.889219
2.565,0.004246,0.036621,24.189396,24.852312
2.575,0.003184,0.029297,24.207775,24.870764
2.585,0.005307,0.029297,24.207775,24.833858
2.595,0.004246,0.029297,24.207775,24.852312
2.605,0.001061,0.029297,24.207775,24.870764
2.615,0.004246,0.021973,24.207775,24.833858
2.625,0.003184,0.029297,24.171019,24.889219
2.635,0.004246,0.043945,24.207775,24.852312
2.645,0.003184,0.029297,24.226156,24.870764
2.655,0.003184,0.029297,24.244537,24.852312
2.665,0.001061,0.029297,24.207775,24.852312
2.675,0.004246,0.029297,24.207775,24.852312
2.685,0.003184,0.043945,24.226156,24.833858
2.695,0.005307,0.021973,24.207775,24.852312
2.705,0.004246,0.036621,24.207775,24.833858
2.715,0.003184,0.036621,24.207775,24.852312
2.726,0.002123,0.021973,24.171019,24.852312
2.736,0.004246,0.029297,24.189396,24.870764
2.746,0.002123,0.036621,24.226156,24.870764
2.756,0.004246,0.021973,24.226156,24.852312
2.766,0.004246,0.021973,24.189396,24.852312
2.776,0.003184,0.029297,24.226156,24.852312
2.786,0.003184,0.021973,24.171019,24.870764
2.796,0.005307,0.036621,24.207775,24.870764
2.806,0.003184,0.021973,24.207775,24.852312
2.816,0.003184,0.014648,24.207775,24.833858
2.826,0.002123,0.021973,24.189396,24.870764
2.836,0.002123,0.036621,24.226156,24.833858
2.846,0.003184,0.036621,24.207775,24.889219
2.856,0.004246,0.036621,24.226156,24.870764
2.866,0.002123,0.029297,24.226156,24.852312
2.876,0.004246,0.029297,24.207775,24.889219
2.886,0.003184,0.036621,24.189396,24.889219
2.896,0.002123,0.029297,24.189396,24.889219
2.906,0.003184,0.021973,24.207775,24.870764
2.916,0.004246,0.029297,24.189396,24.870764
2.926,0.003184,0.029297,24.226156,24.870764
2.936,0.002123,0.029297,24.189396,24.852312
2.946,0.003184,0.021973,24.207775,24.870764
2.956,0.002123,0.021973,24.207775,24.870764
2.966,0.004246,0.029297,24.171019,24.889219
2.976,0.002123,0.021973,24.207775,24.870764
2.986,0.002123,0.029297,24.207775,24.852312
2.996,0.004246,0.021973,24.207775,24.852312
3.006,0.003184,0.029297,24.226156,24.833858
3.016,0.002123,0.036621,24.207775,24.852312
3.026,0.004246,0.029297,24.244537,24.870764
3.036,0.002123,0.029297,24.207775,24.833858
3.046,0.004246,0.021973,24.207775,24.870764
3.056,0.003184,0.029297,24.189396,24.870764
3.067,0.005307,0.036621,24.244537,24.852312
3.077,0.001061,0.029297,24.207775,24.870764
3.087,0.003184,0.029297,24.189396,24.870764
3.097,0.004246,0.029297,24.189396,24.833858
3.107,0.003184,0.029297,24.189396,24.870764
3.117,0.003184,0.021973,24.207775,24.852312
3.127,0.004246,0.029297,24.207775,24.852312
3.137,0.002123,0.021973,24.207775,24.833858
3.147,0.003184,0.021973,24.207775,24.852312
3.157,0.003184,0.036621,24.207775,24.870764
3.167,0.003184,0.029297,24.226156,24.870764
3.177,0.004246,0.036621,24.189396,24.852312
3.187,0.003184,0.036621,24.207775,24.852312
3.197,0.004246,0.029297,24.226156,24.870764
3.207,0.003184,0.021973,24.207775,24.889219
3.217,0.003184,0.029297,24.189396,24.870764
3.227,0.004246,0.029297,24.226156,24.870764
3.237,0.002123,0.029297,24.189396,24.852312
3.247,0.002123,0.029297,24.171019,24.852312
3.257,0.003184,0.036621,24.189396,24.870764
3.267,0.003184,0.029297,24.207775,24.870764
3.277,0.003184,0.036621,24.189396,24.852312
3.287,0.002123,0.029297,24.171019,24.833858
3.297,0.002123,0.029297,24.207775,24.852312
3.307,0.003184,0.036621,24.207775,24.852312
3.317,0.003184,0.021973,24.226156,24.870764
3.327,0.003184,0.029297,24.226156,24.870764
3.337,0.003184,0.029297,24.207775,24.852312
3.347,0.002123,0.036621,24.226156,24.870764
3.357,0.002123,0.043945,24.226156,24.852312
3.367,0.004246,0.021973,24.226156,24.870764
3.377,0.002123,0.029297,24.226156,24.870764
3.387,0.004246,0.029297,24.226156,24.889219
3.397,0.003184,0.029297,24.207775,24.870764
3.408,0.003184,0.029297,24.189396,24.833858
3.418,0.003184,0.029297,24.207775,24.870764
3.428,0.002123,0.036621,24.226156,24.852312
3.438,0.003184,0.021973,24.189396,24.870764
3.448,0.003184,0.021973,24.207775,24.833858
3.458,0.003184,0.021973,24.189396,24.852312
3.468,0.004246,0.029297,24.207775,24.852312
3.478,0.005307,0.036621,24.189396,24.870764
3.488,0.003184,0.029297,24.189396,24.870764
3.498,0.004246,0.029297,24.207775,24.889219
3.508,0.002123,0.021973,24.189396,24.852312
3.518,0.004246,0.029297,24.207775,24.870764
3.528,0.002123,0.021973,24.226156,24.889219
3.538,0.004246,0.036621,24.226156,24.889219
3.548,0.003184,0.029297,24.189396,24.852312
3.558,0.003184,0.021973,24.207775,24.870764
3.568,0.003184,0.036621,24.207775,24.870764
3.578,0.004246,0.029297,24.171019,24.870764
3.588,0.004246,0.021973,24.226156,24.870764
3.598,0.003184,0.029297,24.226156,24.852312
3.608,0.003184,0.036621,24.207775,24.870764
3.618,0.002123,0.029297,24.226156,24.852312
3.628,0.003184,0.029297,24.189396,24.852312
3.638,0.003184,0.029297,24.226156,24.852312
3.648,0.004246,0.029297,24.189396,24.870764
3.658,0.003184,0.029297,24.207775,24.852312
3.668,0.003184,0.021973,24.207775,24.852312
3.678,0.003184,0.029297,24.207775,24.870764
3.688,0.003184,0.029297,24.171019,24.852312
3.698,0.003184,0.021973,24.226156,24.870764
3.708,0.004246,0.036621,24.207775,24.870764
3.718,0.004246,0.036621,24.189396,24.870764
3.728,0.002123,0.029297,24.207775,24.870764
3.738,0.003184,0.029297,24.226156,24.870764
3.748,0.003184,0.029297,24.189396,24.870764
3.758,0.003184,0.029297,24.207775,24.889219
3.769,0.004246,0.029297,24.207775,24.870764
3.779,0.003184,0.036621,24.189396,24.870764
3.789,0.003184,0.029297,24.171019,24.889219
3.799,0.003184,0.021973,24.171019,24.870764
3.809,0.003184,0.036621,24.226156,24.870764
3.819,0.002123,0.029297,24.207775,24.833858
3.829,0.003184,0.029297,24.207775,24.870764
3.839,0.002123,0.029297,24.189396,24.870764
3.849,0.003184,0.036621,24.189396,24.852312
3.859,0.002123,0.029297,24.207775,24.852312
3.869,0.003184,0.014648,24.189396,24.870764
3.879,0.004246,0.036621,24.207775,24.870764
3.889,0.004246,0.021973,24.189396,24.870764
3.899,0.004246,0.029297,24.207775,24.852312
3.909,0.004246,0.029297,24.189396,24.852312
3.919,0.002123,0.029297,24.226156,24.870764
3.929,0.003184,0.021973,24.207775,24.870764
3.939,0.003184,0.029297,24.207775,24.870764
3.949,0.002123,0.014648,24.207775,24.870764
3.959,0.004246,0.021973,24.207775,24.852312
3.969,0.002123,0.029297,24.189396,24.870764
3.979,0.002123,0.036621,24.244537,24.852312
3.989,0.002123,0.029297,24.207775,24.852312
3.999,0.003184,0.029297,24.244537,24.870764
4.009,0.002123,0.021973,24.189396,24.870764
4.019,0.002123,0.036621,24.207775,24.852312
4.029,0.003184,0.036621,24.189396,24.833858
4.039,0.003184,0.043945,24.244537,24.870764
4.049,0.003184,0.036621,24.207775,24.852312
4.059,0.002123,0.036621,24.226156,24.870764
4.069,0.002123,0.036621,24.207775,24.852312
4.079,0.003184,0.029297,24.207775,24.870764
4.089,0.003184,0.036621,24.207775,24.889219
4.099,0.003184,0.029297,24.207775,24.852312
4.109,0.004246,0.036621,24.244537,24.852312
4.119,0.002123,0.029297,24.189396,24.852312
4.13,0.002123,0.036621,24.226156,24.852312
4.14,0.002123,0.029297,24.207775,24.852312
4.15,0.002123,0.029297,24.207775,24.852312
4.16,0.003184,0.036621,24.207775,24.870764
4.17,0.003184,0.021973,24.226156,24.870764
4.18,0.004246,0.021973,24.207775,24.852312
4.19,0.003184,0.029297,24.207775,24.870764
4.2,0.002123,0.029297,24.171019,24.870764
4.21,0.002123,0.036621,24.207775,24.833858
4.22,0.002123,0.036621,24.226156,24.870764
4.23,0.003184,0.036621,24.226156,24.833858
4.24,0.003184,0.029297,24.207775,24.815411
4.25,0.003184,0.029297,24.207775,24.852312
4.26,0.004246,0.021973,24.207775,24.833858
4.27,0.002123,0.029297,24.226156,24.870764
4.28,0.003184,0.036621,24.226156,24.852312
4.29,0.003184,0.029297,24.226156,24.833858
4.3,0.003184,0.029297,24.189396,24.870764
4.31,0.002123,0.021973,24.189396,24.852312
4.32,0.004246,0.029297,24.189396,24.833858
4.33,0.002123,0.036621,24.207775,24.889219
4.34,0.003184,0.036621,24.207775,24.852312
4.35,0.004246,0.036621,24.189396,24.870764
4.36,0.002123,0.043945,24.207775,24.852312
4.37,0.002123,0.029297,24.226156,24.833858
4.38,0.003184,0.021973,24.189396,24.852312
4.39,0.005307,0.036621,24.171019,24.870764
4.4,0.004246,0.029297,24.189396,24.870764
4.41,0.004246,0.036621,24.207775,24.870764
4.42,0.002123,0.029297,24.207775,24.852312
4.43,0.004246,0.029297,24.207775,24.852312
4.44,0.003184,0.029297,24.207775,24.833858
4.45,0.004246,0.036621,24.226156,24.852312
4.46,0.002123,0.036621,24.207775,24.852312
4.47,0.003184,0.029297,24.207775,24.833858
4.481,0.003184,0.036621,24.189396,24.852312
4.491,0.002123,0.021973,24.189396,24.852312
4.501,0.003184,0.036621,24.207775,24.852312
4.511,0.004246,0.029297,24.207775,24.852312
4.521,0.002123,0.036621,24.189396,24.870764
4.531,0.004246,0.036621,24.207775,24.833858
4.541,0.004246,0.021973,24.207775,24.852312
4.551,0.003184,0.029297,24.189396,24.852312
4.561,0.004246,0.029297,24.226156,24.852312
4.571,0.004246,0.021973,24.226156,24.852312
4.581,0.005307,0.036621,24.189396,24.870764
4.591,0.002123,0.021973,24.207775,24.852312
4.601,0.003184,0.029297,24.226156,24.889219
4.611,0.003184,0.021973,24.226156,24.852312
4.621,0.004246,0.029297,24.226156,24.870764
4.631,0.006369,0.021973,24.207775,24.852312
4.641,0.003184,0.029297,24.207775,24.852312
4.651,0.003184,0.036621,24.189396,24.889219
4.661,0.002123,0.029297,24.207775,24.852312
4.671,0.003184,0.029297,24.207775,24.833858
4.681,0.004246,0.021973,24.207775,24.852312
4.691,0.004246,0.029297,24.207775,24.852312
4.701,0.002123,0.021973,24.207775,24.852312
4.711,0.004246,0.043945,24.207775,24.852312
4.721,0.002123,0.029297,24.189396,24.833858
4.731,0.004246,0.043945,24.207775,24.852312
4.741,0.002123,0.029297,24.189396,24.870764
4.751,0.002123,0.021973,24.207775,24.870764
4.761,0.003184,0.029297,24.207775,24.889219
4.771,0.004246,0.036621,24.189396,24.852312
4.781,0.003184,0.036621,24.189396,24.852312
4.791,0.003184,0.029297,24.207775,24.852312
4.801,0.002123,0.029297,24.207775,24.889219
4.811,0.005307,0.021973,24.207775,24.889219
4.821,0.004246,0.029297,24.171019,24.870764
4.832,0.003184,0.029297,24.189396,24.815411
4.842,0.003184,0.029297,24.189396,24.870764
4.852,0.003184,0.036621,24.189396,24.852312
4.862,0.002123,0.036621,24.207775,24.833858
4.872,0.002123,0.029297,24.226156,24.870764
4.882,0.004246,0.029297,24.207775,24.870764
4.892,0.004246,0.029297,24.207775,24.870764
4.902,0.004246,0.036621,24.226156,24.833858
4.912,0.003184,0.021973,24.207775,24.852312
4.922,0.006369,0.036621,24.189396,24.870764
4.932,0.002123,0.021973,24.207775,24.852312
4.942,0.002123,0.036621,24.207775,24.870764
4.952,0.004246,0.021973,24.207775,24.870764
4.962,0.004246,0.021973,24.189396,24.833858
4.972,0.005307,0.029297,24.207775,24.852312
4.982,0.003184,0.029297,24.207775,24.870764
4.992,0.002123,0.029297,24.207775,24.833858
5.002,0.003184,0.029297,24.226156,24.852312
5.012,0.005307,0.029297,24.207775,24.833858
5.022,0.001061,0.036621,24.207775,24.852312
5.032,0.002123,0.021973,24.189396,24.870764
5.042,0.003184,0.036621,24.226156,24.833858
5.052,0.003184,0.021973,24.189396,24.833858
5.062,0.005307,0.029297,24.207775,24.852312
5.072,0.003184,0.036621,24.207775,24.870764
5.082,0.004246,0.029297,24.207775,24.870764
5.092,0.003184,0.036621,24.189396,24.870764
5.102,0.003184,0.029297,24.226156,24.870764
5.112,0.001061,0.036621,24.207775,24.833858
5.122,0.004246,0.029297,24.189396,24.889219
5.132,0.003184,0.029297,24.207775,24.852312
5.142,0.003184,0.029297,24.189396,24.870764
5.152,0.003184,0.029297,24.226156,24.852312
5.162,0.003184,0.036621,24.226156,24.870764
5.173,0.003184,0.029297,24.207775,24.833858
5.183,0.002123,0.021973,24.207775,24.815411
5.193,0.004246,0.021973,24.226156,24.870764
5.203,0.004246,0.036621,24.189396,24.870764
5.213,0.001061,0.029297,24.226156,24.870764
5.223,0.004246,0.029297,24.189396,24.870764
5.233,0.004246,0.029297,24.207775,24.852312
5.243,0.002123,0.029297,24.207775,24.870764
5.253,0.003184,0.029297,24.207775,24.852312
5.263,0.003184,0.029297,24.189396,24.852312
5.273,0.003184,0.029297,24.189396,24.870764
5.283,0.003184,0.029297,24.189396,24.852312
5.293,0.002123,0.029297,24.226156,24.833858
5.303,0.002123,0.029297,24.189396,24.833858
5.313,0.003184,0.036621,24.207775,24.852312
5.323,0.002123,0.029297,24.226156,24.852312
5.333,0.003184,0.036621,24.207775,24.870764
5.343,0.002123,0.029297,24.207775,24.870764
5.353,0.003184,0.029297,24.226156,24.870764
5.363,0.004246,0.021973,24.189396,24.870764
5.373,0.002123,0.029297,24.207775,24.870764
5.383,0.003184,0.036621,24.207775,24.833858
5.393,0.004246,0.043945,24.226156,24.852312
5.403,0.004246,0.029297,24.226156,24.852312
5.413,0.004246,0.029297,24.226156,24.852312
5.423,0.005307,0.029297,24.189396,24.870764
5.433,0.003184,0.029297,24.207775,24.870764
5.443,0.003184,0.029297,24.207775,24.852312
5.453,0.004246,0.036621,24.207775,24.833858
5.463,0.004246,0.021973,24.207775,24.852312
5.473,0.004246,0.029297,24.226156,24.852312
5.483,0.003184,0.036621,24.207775,24.870764
5.493,0.004246,0.036621,24.226156,24.852312
5.504,0.005307,0.029297,24.207775,24.852312
5.514,0.003184,0.036621,24.189396,24.870764
5.524,0.002123,0.029297,24.244537,24.852312
5.534,0.004246,0.029297,24.207775,24.833858
5.544,0.002123,0.029297,24.207775,24.852312
5.554,0.003184,0.036621,24.207775,24.852312
5.564,0.003184,0.036621,24.207775,24.852312
5.574,0.003184,0.036621,24.207775,24.852312
5.584,0.002123,0.036621,24.207775,24.852312
5.594,0.003184,0.036621,24.207775,24.852312
5.604,0.004246,0.036621,24.207775,24.870764
5.614,0.002123,0.029297,24.171019,24.833858
5.624,0.003184,0.021973,24.226156,24.852312
5.634,0.004246,0.029297,24.207775,24.852312
5.644,0.004246,0.029297,24.226156,24.852312
5.654,0.002123,0.036621,24.189396,24.852312
5.664,0.004246,0.036621,24.207775,24.852312
5.674,0.004246,0.036621,24.207775,24.852312
5.684,0.003184,0.021973,24.226156,24.833858
5.694,0.003184,0.029297,24.189396,24.870764
5.704,0.002123,0.029297,24.207775,24.870764
5.714,0.003184,0.029297,24.207775,24.870764
5.724,0.003184,0.029297,24.189396,24.852312
5.734,0.002123,0.029297,24.207775,24.870764
5.744,0.003184,0.029297,24.207775,24.870764
5.754,0.003184,0.036621,24.207775,24.852312
5.764,0.003184,0.029297,24.207775,24.870764
5.774,0.003184,0.029297,24.171019,24.870764
5.784,0.002123,0.029297,24.226156,24.870764
5.794,0.003184,0.036621,24.226156,24.870764
5.804,0.002123,0.036621,24.207775,24.852312
5.814,0.002123,0.036621,24.207775,24.833858
5.824,0.004246,0.043945,24.189396,24.852312
5.834,0.003184,0.021973,24.226156,24.870764
5.845,0.004246,0.021973,24.226156,24.833858
5.855,0.004246,0.021973,24.207775,24.852312
5.865,0.003184,0.029297,24.226156,24.870764
5.875,0.002123,0.036621,24.189396,24.870764
5.885,0.003184,0.029297,24.207775,24.870764
5.895,0.003184,0.036621,24.207775,24.852312
5.905,0.002123,0.021973,24.207775,24.889219
5.915,0.004246,0.021973,24.207775,24.833858
5.925,0.003184,0.021973,24.207775,24.852312
5.935,0.002123,0.021973,24.207775,24.833858
5.945,0.003184,0.036621,24.226156,24.833858
5.955,0.003184,0.029297,24.226156,24.870764
5.965,0.003184,0.029297,24.207775,24.833858
5.975,0.005307,0.029297,24.189396,24.870764
5.985,0.003184,0.029297,24.189396,24.852312
5.995,0.003184,0.036621,24.207775,24.815411
6.005,0.002123,0.029297,24.207775,24.852312
6.015,0.003184,0.036621,24.189396,24.870764
6.025,0.003184,0.029297,24.207775,24.815411
6.035,0.003184,0.036621,24.226156,24.852312
6.045,0.003184,0.029297,24.207775,24.852312
6.055,0.004246,0.029297,24.226156,24.852312
6.065,0.004246,0.021973,24.226156,24.889219
6.075,0.002123,0.029297,24.226156,24.852312
6.085,0.003184,0.021973,24.207775,24.870764
6.095,0.003184,0.036621,24.226156,24.852312
6.105,0.003184,0.036621,24.226156,24.833858
6.115,0.003184,0.029297,24.226156,24.852312
6.125,0.004246,0.021973,24.226156,24.852312
6.135,0.004246,0.021973,24.189396,24.870764
6.145,0.005307,0.029297,24.207775,24.870764
6.155,0.002123,0.021973,24.207775,24.852312
6.165,0.002123,0.029297,24.207775,24.852312
6.175,0.003184,0.029297,24.207775,24.870764
6.186,0.004246,0.036621,24.207775,24.852312
6.196,0.004246,0.029297,24.207775,24.852312
6.206,0.003184,0.029297,24.207775,24.852312
6.216,0.003184,0.036621,24.226156,24.833858
6.226,0.004246,0.021973,24.189396,24.833858
6.236,0.004246,0.029297,24.207775,24.889219
6.246,0.002123,0.036621,24.207775,24.833858
6.256,0.002123,0.029297,24.207775,24.870764
6.266,0.004246,0.029297,24.207775,24.852312
6.276,0.004246,0.014648,24.207775,24.833858
6.286,0.003184,0.029297,24.226156,24.833858
6.296,0.002123,0.029297,24.189396,24.833858
6.306,0.003184,0.029297,24.207775,24.870764
6.316,0.002123,0.029297,24.207775,24.852312
6.326,0.004246,0.021973,24.207775,24.889219
6.336,0.005307,0.036621,24.189396,24.852312
6.346,0.003184,0.029297,24.207775,24.870764
6.356,0.004246,0.021973,24.226156,24.870764
6.366,0.003184,0.036621,24.189396,24.889219
6.376,0.003184,0.021973,24.244537,24.870764
6.386,0.004246,0.036621,24.226156,24.870764
6.396,0.003184,0.029297,24.226156,24.852312
6.406,0.003184,0.029297,24.207775,24.870764
6.416,0.002123,0.029297,24.189396,24.852312
6.426,0.004246,0.021973,24.226156,24.852312
6.436,0.004246,0.029297,24.207775,24.833858
6.446,0.003184,0.036621,24.207775,24.852312
6.456,0.003184,0.029297,24.207775,24.870764
6.466,0.003184,0.036621,24.244537,24.833858
6.476,0.003184,0.029297,24.207775,24.870764
6.486,0.003184,0.029297,24.207775,24.870764
6.496,0.003184,0.029297,24.189396,24.833858
6.506,0.003184,0.029297,24.207775,24.852312
6.517,0.002123,0.036621,24.226156,24.852312
6.527,0.003184,0.036621,24.226156,24.870764
6.537,0.003184,0.036621,24.207775,24.870764
6.547,0.004246,0.029297,24.226156,24.852312
6.557,0.003184,0.029297,24.189396,24.852312
6.567,0.004246,0.043945,24.189396,24.833858
6.577,0.002123,0.036621,24.207775,24.852312
6.587,0.003184,0.036621,24.226156,24.852312
6.597,0.004246,0.036621,24.189396,24.852312
6.607,0.005307,0.029297,24.207775,24.833858
6.617,0.002123,0.021973,24.226156,24.852312
6.627,0.003184,0.029297,24.207775,24.833858
6.637,0.003184,0.029297,24.207775,24.870764
6.647,0.003184,0.029297,24.226156,24.852312
6.657,0.004246,0.029297,24.189396,24.815411
6.667,0.002123,0.036621,24.226156,24.833858
